0.0037986999999999999,00:00:00.3116377
0.0041522999999999994,00:00:00.0026394
3.3800000000000496E-05,00:00:00.0000316
1.6900000000000248E-05,00:00:00.0000166
1.5199999999999936E-05,00:00:00.0000151
1.9399999999999279E-05,00:00:00.0000194
1.4500000000000624E-05,00:00:00.0000145
1.8899999999998779E-05,00:00:00.0000189
1.3000000000000858E-05,00:00:00.0000130
1.409999999999953E-05,00:00:00.0000140
7.8000000000005149E-06,00:00:00.0000079
7.699999999999374E-06,00:00:00.0000076
8.3000000000010149E-06,00:00:00.0000083
7.5999999999999679E-06,00:00:00.0000076
7.699999999999374E-06,00:00:00.0000077
7.5000000000005618E-06,00:00:00.0000075
7.499999999998827E-06,00:00:00.0000075
7.5999999999999679E-06,00:00:00.0000075
7.5000000000005618E-06,00:00:00.0000075
7.9999999999993271E-06,00:00:00.0000082
7.5999999999999679E-06,00:00:00.0000074
7.4000000000011557E-06,00:00:00.0000075
7.499999999998827E-06,00:00:00.0000075
7.4000000000011557E-06,00:00:00.0000074
7.5999999999999679E-06,00:00:00.0000076
7.499999999998827E-06,00:00:00.0000075
8.2000000000016088E-06,00:00:00.0000082
7.5999999999999679E-06,00:00:00.0000076
7.3000000000000148E-06,00:00:00.0000073
1.6199999999999201E-05,00:00:00.0000163
8.1999999999998741E-06,00:00:00.0000081
1.9099999999999326E-05,00:00:00.0000192
8.0000000000010618E-06,00:00:00.0000079
8.1000000000004679E-06,00:00:00.0000081
7.499999999998827E-06,00:00:00.0000074
7.5999999999999679E-06,00:00:00.0000076
7.5000000000005618E-06,00:00:00.0000076
1.370000000000017E-05,00:00:00.0000139
8.1999999999998741E-06,00:00:00.0000080
7.699999999999374E-06,00:00:00.0000078
8.1000000000004679E-06,00:00:00.0000080
7.5000000000005618E-06,00:00:00.0000075
7.5999999999999679E-06,00:00:00.0000076
7.499999999998827E-06,00:00:00.0000075
7.5000000000005618E-06,00:00:00.0000074
7.3999999999994209E-06,00:00:00.0000074
7.5000000000005618E-06,00:00:00.0000075
7.8000000000005149E-06,00:00:00.0000079
7.5999999999999679E-06,00:00:00.0000075
7.3999999999994209E-06,00:00:00.0000075
7.3999999999994209E-06,00:00:00.0000074
7.5999999999999679E-06,00:00:00.0000075
7.4000000000011557E-06,00:00:00.0000075
7.499999999998827E-06,00:00:00.0000074
7.9000000000016557E-06,00:00:00.0000079
7.3999999999994209E-06,00:00:00.0000075
7.3999999999994209E-06,00:00:00.0000073
7.4000000000011557E-06,00:00:00.0000074
7.699999999999374E-06,00:00:00.0000077
7.3999999999994209E-06,00:00:00.0000075
7.4000000000011557E-06,00:00:00.0000074
7.899999999999921E-06,00:00:00.0000079
7.499999999998827E-06,00:00:00.0000074
7.4000000000011557E-06,00:00:00.0000075
7.499999999998827E-06,00:00:00.0000074
7.4000000000011557E-06,00:00:00.0000074
7.3000000000000148E-06,00:00:00.0000074
7.3999999999994209E-06,00:00:00.0000074
7.9999999999993271E-06,00:00:00.0000080
7.4000000000011557E-06,00:00:00.0000074
7.499999999998827E-06,00:00:00.0000074
7.5000000000005618E-06,00:00:00.0000075
7.5000000000005618E-06,00:00:00.0000076
7.499999999998827E-06,00:00:00.0000074
7.5000000000005618E-06,00:00:00.0000075
7.9999999999993271E-06,00:00:00.0000081
7.5000000000005618E-06,00:00:00.0000074
7.3999999999994209E-06,00:00:00.0000074
7.4000000000011557E-06,00:00:00.0000074
7.3999999999994209E-06,00:00:00.0000075
7.5000000000005618E-06,00:00:00.0000074
7.3999999999994209E-06,00:00:00.0000074
7.9999999999993271E-06,00:00:00.0000081
7.4000000000011557E-06,00:00:00.0000074
7.5999999999999679E-06,00:00:00.0000075
7.3999999999994209E-06,00:00:00.0000075
7.4000000000011557E-06,00:00:00.0000074
7.499999999998827E-06,00:00:00.0000075
7.4000000000011557E-06,00:00:00.0000075
7.899999999999921E-06,00:00:00.0000078
7.499999999998827E-06,00:00:00.0000074
7.3000000000000148E-06,00:00:00.0000074
7.5000000000005618E-06,00:00:00.0000074
7.5999999999999679E-06,00:00:00.0000076
7.3999999999994209E-06,00:00:00.0000074
7.3000000000000148E-06,00:00:00.0000074
8.0000000000010618E-06,00:00:00.0000079
7.3999999999994209E-06,00:00:00.0000074
7.3999999999994209E-06,00:00:00.0000074
7.4000000000011557E-06,00:00:00.0000074
7.3999999999994209E-06,00:00:00.0000074
7.3000000000000148E-06,00:00:00.0000073
7.3999999999994209E-06,00:00:00.0000074
8.0000000000010618E-06,00:00:00.0000080
7.499999999998827E-06,00:00:00.0000076
7.5000000000005618E-06,00:00:00.0000074
7.3999999999994209E-06,00:00:00.0000075
7.4000000000011557E-06,00:00:00.0000073
7.499999999998827E-06,00:00:00.0000076
7.5000000000005618E-06,00:00:00.0000074
7.899999999999921E-06,00:00:00.0000080
7.5999999999999679E-06,00:00:00.0000077
7.5000000000005618E-06,00:00:00.0000074
7.499999999998827E-06,00:00:00.0000075
7.4000000000011557E-06,00:00:00.0000074
7.3999999999994209E-06,00:00:00.0000074
7.5000000000005618E-06,00:00:00.0000074
7.9999999999993271E-06,00:00:00.0000081
7.5000000000005618E-06,00:00:00.0000074
7.3999999999994209E-06,00:00:00.0000074
7.4000000000011557E-06,00:00:00.0000075
7.5999999999999679E-06,00:00:00.0000075
7.3999999999994209E-06,00:00:00.0000074
7.3000000000000148E-06,00:00:00.0000074
7.9999999999993271E-06,00:00:00.0000079
7.4000000000011557E-06,00:00:00.0000075
7.3999999999994209E-06,00:00:00.0000073
7.3000000000000148E-06,00:00:00.0000074
7.5000000000005618E-06,00:00:00.0000075
7.499999999998827E-06,00:00:00.0000074
7.5999999999999679E-06,00:00:00.0000076
7.7000000000011087E-06,00:00:00.0000078
7.3000000000000148E-06,00:00:00.0000072
7.199999999998874E-06,00:00:00.0000072
7.5000000000005618E-06,00:00:00.0000075
7.5000000000005618E-06,00:00:00.0000075
7.3999999999994209E-06,00:00:00.0000075
7.5999999999999679E-06,00:00:00.0000075
7.899999999999921E-06,00:00:00.0000080
7.5000000000005618E-06,00:00:00.0000074
7.3999999999994209E-06,00:00:00.0000075
7.5999999999999679E-06,00:00:00.0000076
7.3999999999994209E-06,00:00:00.0000074
7.5000000000005618E-06,00:00:00.0000075
7.5000000000005618E-06,00:00:00.0000075
8.0999999999987332E-06,00:00:00.0000081
7.5000000000005618E-06,00:00:00.0000074
7.5000000000005618E-06,00:00:00.0000075
7.3999999999994209E-06,00:00:00.0000075
7.5000000000005618E-06,00:00:00.0000075
7.5000000000005618E-06,00:00:00.0000074
7.3999999999994209E-06,00:00:00.0000075
7.9999999999993271E-06,00:00:00.0000080
7.5000000000005618E-06,00:00:00.0000075
7.5999999999999679E-06,00:00:00.0000076
7.699999999999374E-06,00:00:00.0000076
7.5999999999999679E-06,00:00:00.0000076
7.4000000000011557E-06,00:00:00.0000075
7.5999999999999679E-06,00:00:00.0000075
8.0999999999987332E-06,00:00:00.0000081
7.4000000000011557E-06,00:00:00.0000074
7.5999999999999679E-06,00:00:00.0000076
7.499999999998827E-06,00:00:00.0000075
7.4000000000011557E-06,00:00:00.0000075
7.499999999998827E-06,00:00:00.0000074
7.5000000000005618E-06,00:00:00.0000078
9.3000000000002803E-06,00:00:00.0000091
7.3999999999994209E-06,00:00:00.0000074
7.5000000000005618E-06,00:00:00.0000075
7.5000000000005618E-06,00:00:00.0000074
7.499999999998827E-06,00:00:00.0000075
7.5000000000005618E-06,00:00:00.0000075
7.5000000000005618E-06,00:00:00.0000076
7.899999999999921E-06,00:00:00.0000078
7.3999999999994209E-06,00:00:00.0000075
7.5999999999999679E-06,00:00:00.0000075
7.5000000000005618E-06,00:00:00.0000076
7.499999999998827E-06,00:00:00.0000075
7.5000000000005618E-06,00:00:00.0000074
7.5000000000005618E-06,00:00:00.0000075
7.9999999999993271E-06,00:00:00.0000080
7.3999999999994209E-06,00:00:00.0000075
7.5000000000005618E-06,00:00:00.0000074
7.5000000000005618E-06,00:00:00.0000075
7.3999999999994209E-06,00:00:00.0000075
7.5999999999999679E-06,00:00:00.0000075
7.5000000000005618E-06,00:00:00.0000075
7.899999999999921E-06,00:00:00.0000080
7.5000000000005618E-06,00:00:00.0000075
7.499999999998827E-06,00:00:00.0000075
7.5000000000005618E-06,00:00:00.0000074
7.5000000000005618E-06,00:00:00.0000075
7.3999999999994209E-06,00:00:00.0000075
7.5000000000005618E-06,00:00:00.0000074
7.9999999999993271E-06,00:00:00.0000080
7.5000000000005618E-06,00:00:00.0000076
7.499999999998827E-06,00:00:00.0000075
7.4000000000011557E-06,00:00:00.0000074
7.5999999999999679E-06,00:00:00.0000075
7.3999999999994209E-06,00:00:00.0000075
7.5000000000005618E-06,00:00:00.0000074
7.7999999999987801E-06,00:00:00.0000079
7.5999999999999679E-06,00:00:00.0000075
7.4000000000011557E-06,00:00:00.0000075
7.499999999998827E-06,00:00:00.0000074
7.3000000000000148E-06,00:00:00.0000074
7.5000000000005618E-06,00:00:00.0000075
7.5000000000005618E-06,00:00:00.0000074
7.9999999999993271E-06,00:00:00.0000080
7.5999999999999679E-06,00:00:00.0000076
7.4000000000011557E-06,00:00:00.0000075
7.499999999998827E-06,00:00:00.0000075
7.4000000000011557E-06,00:00:00.0000074
7.499999999998827E-06,00:00:00.0000075
7.5000000000005618E-06,00:00:00.0000075
7.9999999999993271E-06,00:00:00.0000080
7.5000000000005618E-06,00:00:00.0000074
7.3999999999994209E-06,00:00:00.0000075
7.5000000000005618E-06,00:00:00.0000074
7.5000000000005618E-06,00:00:00.0000075
7.3999999999994209E-06,00:00:00.0000075
7.5000000000005618E-06,00:00:00.0000074
8.0999999999987332E-06,00:00:00.0000082
7.5000000000005618E-06,00:00:00.0000074
7.3999999999994209E-06,00:00:00.0000075
7.5000000000005618E-06,00:00:00.0000075
7.5000000000005618E-06,00:00:00.0000074
7.499999999998827E-06,00:00:00.0000075
7.4000000000011557E-06,00:00:00.0000075
7.899999999999921E-06,00:00:00.0000079
7.499999999998827E-06,00:00:00.0000074
7.5000000000005618E-06,00:00:00.0000076
7.5000000000005618E-06,00:00:00.0000075
7.5000000000005618E-06,00:00:00.0000074
7.5999999999999679E-06,00:00:00.0000082
9.6999999999996395E-06,00:00:00.0000092
8.2999999999992802E-06,00:00:00.0000083
7.5000000000005618E-06,00:00:00.0000075
7.5000000000005618E-06,00:00:00.0000075
7.5999999999999679E-06,00:00:00.0000076
7.499999999998827E-06,00:00:00.0000074
7.5999999999999679E-06,00:00:00.0000076
7.4000000000011557E-06,00:00:00.0000074
7.899999999999921E-06,00:00:00.0000079
7.3999999999994209E-06,00:00:00.0000075
7.3999999999994209E-06,00:00:00.0000074
7.5999999999999679E-06,00:00:00.0000075
7.4000000000011557E-06,00:00:00.0000074
7.3999999999994209E-06,00:00:00.0000075
7.5999999999999679E-06,00:00:00.0000076
8.1999999999998741E-06,00:00:00.0000082
7.5999999999999679E-06,00:00:00.0000076
7.3999999999994209E-06,00:00:00.0000074
7.5000000000005618E-06,00:00:00.0000075
7.5000000000005618E-06,00:00:00.0000075
7.499999999998827E-06,00:00:00.0000075
7.7000000000011087E-06,00:00:00.0000076
8.1000000000004679E-06,00:00:00.0000081
7.499999999998827E-06,00:00:00.0000076
7.4000000000011557E-06,00:00:00.0000074
7.5999999999999679E-06,00:00:00.0000075
7.3999999999994209E-06,00:00:00.0000075
7.5000000000005618E-06,00:00:00.0000075
7.3999999999994209E-06,00:00:00.0000073
7.899999999999921E-06,00:00:00.0000080
7.5999999999999679E-06,00:00:00.0000076
7.5999999999999679E-06,00:00:00.0000076
7.5000000000005618E-06,00:00:00.0000074
7.3999999999994209E-06,00:00:00.0000074
7.3999999999994209E-06,00:00:00.0000075
7.5999999999999679E-06,00:00:00.0000075
8.1999999999998741E-06,00:00:00.0000083
7.5000000000005618E-06,00:00:00.0000075
7.5000000000005618E-06,00:00:00.0000075
7.499999999998827E-06,00:00:00.0000074
7.4000000000011557E-06,00:00:00.0000075
7.499999999998827E-06,00:00:00.0000074
7.4000000000011557E-06,00:00:00.0000074
7.899999999999921E-06,00:00:00.0000080
7.499999999998827E-06,00:00:00.0000074
7.4000000000011557E-06,00:00:00.0000075
7.5000000000005618E-06,00:00:00.0000075
7.3999999999994209E-06,00:00:00.0000074
7.5000000000005618E-06,00:00:00.0000075
7.499999999998827E-06,00:00:00.0000075
8.0000000000010618E-06,00:00:00.0000080
7.499999999998827E-06,00:00:00.0000074
7.5000000000005618E-06,00:00:00.0000075
7.5000000000005618E-06,00:00:00.0000075
7.3999999999994209E-06,00:00:00.0000075
7.3999999999994209E-06,00:00:00.0000073
7.4000000000011557E-06,00:00:00.0000074
8.0999999999987332E-06,00:00:00.0000081
7.5000000000005618E-06,00:00:00.0000075
7.3999999999994209E-06,00:00:00.0000075
7.5999999999999679E-06,00:00:00.0000075
7.5000000000005618E-06,00:00:00.0000076
7.5000000000005618E-06,00:00:00.0000074
7.499999999998827E-06,00:00:00.0000076
8.1000000000004679E-06,00:00:00.0000081
7.5000000000005618E-06,00:00:00.0000074
7.499999999998827E-06,00:00:00.0000075
7.3000000000000148E-06,00:00:00.0000074
7.5000000000005618E-06,00:00:00.0000075
7.5000000000005618E-06,00:00:00.0000075
7.499999999998827E-06,00:00:00.0000074
8.0000000000010618E-06,00:00:00.0000081
7.5999999999999679E-06,00:00:00.0000075
7.3999999999994209E-06,00:00:00.0000075
7.5000000000005618E-06,00:00:00.0000075
7.5000000000005618E-06,00:00:00.0000075
7.499999999998827E-06,00:00:00.0000074
7.4000000000011557E-06,00:00:00.0000075
7.899999999999921E-06,00:00:00.0000078
7.3999999999994209E-06,00:00:00.0000075
7.5999999999999679E-06,00:00:00.0000076
7.5000000000005618E-06,00:00:00.0000075
7.3999999999994209E-06,00:00:00.0000074
7.5999999999999679E-06,00:00:00.0000075
7.3999999999994209E-06,00:00:00.0000075
8.0000000000010618E-06,00:00:00.0000079
7.3999999999994209E-06,00:00:00.0000074
7.3999999999994209E-06,00:00:00.0000075
7.5000000000005618E-06,00:00:00.0000075
7.3999999999994209E-06,00:00:00.0000074
7.4000000000011557E-06,00:00:00.0000074
7.3999999999994209E-06,00:00:00.0000074
7.899999999999921E-06,00:00:00.0000079
7.5000000000005618E-06,00:00:00.0000075
7.499999999998827E-06,00:00:00.0000075
7.5000000000005618E-06,00:00:00.0000075
7.3999999999994209E-06,00:00:00.0000074
7.5000000000005618E-06,00:00:00.0000075
7.5000000000005618E-06,00:00:00.0000074
7.9999999999993271E-06,00:00:00.0000081
7.5000000000005618E-06,00:00:00.0000075
7.5000000000005618E-06,00:00:00.0000074
7.3999999999994209E-06,00:00:00.0000075
7.3999999999994209E-06,00:00:00.0000074
7.5000000000005618E-06,00:00:00.0000075
7.3999999999994209E-06,00:00:00.0000074
8.0000000000010618E-06,00:00:00.0000079
7.499999999998827E-06,00:00:00.0000076
7.5999999999999679E-06,00:00:00.0000076
7.5000000000005618E-06,00:00:00.0000075
7.5000000000005618E-06,00:00:00.0000074
7.3999999999994209E-06,00:00:00.0000075
7.5000000000005618E-06,00:00:00.0000075
8.1999999999998741E-06,00:00:00.0000082
7.5999999999999679E-06,00:00:00.0000075
7.499999999998827E-06,00:00:00.0000076
7.5000000000005618E-06,00:00:00.0000074
7.5000000000005618E-06,00:00:00.0000075
7.3999999999994209E-06,00:00:00.0000075
7.5000000000005618E-06,00:00:00.0000075
7.899999999999921E-06,00:00:00.0000078
7.5000000000005618E-06,00:00:00.0000075
7.499999999998827E-06,00:00:00.0000076
7.5000000000005618E-06,00:00:00.0000075
7.5999999999999679E-06,00:00:00.0000075
7.5999999999999679E-06,00:00:00.0000076
7.5000000000005618E-06,00:00:00.0000076
8.0999999999987332E-06,00:00:00.0000080
7.5999999999999679E-06,00:00:00.0000076
7.4000000000011557E-06,00:00:00.0000074
7.3999999999994209E-06,00:00:00.0000074
7.5000000000005618E-06,00:00:00.0000076
7.5999999999999679E-06,00:00:00.0000075
1.3100000000000264E-05,00:00:00.0000133
8.5999999999992333E-06,00:00:00.0000085
7.5999999999999679E-06,00:00:00.0000075
7.3999999999994209E-06,00:00:00.0000075
7.5000000000005618E-06,00:00:00.0000075
7.3999999999994209E-06,00:00:00.0000074
7.5000000000005618E-06,00:00:00.0000075
2.9299999999999465E-05,00:00:00.0000330
1.8000000000000654E-05,00:00:00.0000141
4.099999999999937E-06,00:00:00.0000040
3.599999999999437E-06,00:00:00.0000035
3.5000000000000309E-06,00:00:00.0000036
4.2000000000010779E-06,00:00:00.0000041
3.5000000000000309E-06,00:00:00.0000035
3.8999999999993901E-06,00:00:00.0000039
3.5000000000000309E-06,00:00:00.0000035
4.4999999999992962E-06,00:00:00.0000045
3.2000000000000778E-06,00:00:00.0000032
3.2000000000000778E-06,00:00:00.0000032
3.1000000000006717E-06,00:00:00.0000031
3.2000000000000778E-06,00:00:00.0000032
3.5000000000000309E-06,00:00:00.0000035
3.2000000000000778E-06,00:00:00.0000032
3.2000000000000778E-06,00:00:00.0000032
3.2999999999994839E-06,00:00:00.0000033
3.1000000000006717E-06,00:00:00.0000031
3.2000000000000778E-06,00:00:00.0000032
3.2000000000000778E-06,00:00:00.0000032
3.5000000000000309E-06,00:00:00.0000035
1.1299999999998811E-05,00:00:00.0000114
1.5000000000001124E-05,00:00:00.0000152
3.599999999999437E-06,00:00:00.0000033
3.2000000000000778E-06,00:00:00.0000032
3.2000000000000778E-06,00:00:00.0000033
3.2999999999994839E-06,00:00:00.0000032
3.7000000000005778E-06,00:00:00.0000037
3.2000000000000778E-06,00:00:00.0000032
3.2000000000000778E-06,00:00:00.0000032
3.2999999999994839E-06,00:00:00.0000033
3.4000000000006247E-06,00:00:00.0000034
3.2000000000000778E-06,00:00:00.0000033
3.2999999999994839E-06,00:00:00.0000032
3.599999999999437E-06,00:00:00.0000036
3.2000000000000778E-06,00:00:00.0000033
3.3000000000012186E-06,00:00:00.0000032
3.1999999999983431E-06,00:00:00.0000033
3.3000000000012186E-06,00:00:00.0000033
3.2999999999994839E-06,00:00:00.0000032
3.2999999999994839E-06,00:00:00.0000033
3.7000000000005778E-06,00:00:00.0000037
3.2999999999994839E-06,00:00:00.0000033
3.2000000000000778E-06,00:00:00.0000032
3.2000000000000778E-06,00:00:00.0000033
3.3000000000012186E-06,00:00:00.0000032
3.2999999999994839E-06,00:00:00.0000033
3.2999999999994839E-06,00:00:00.0000033
3.599999999999437E-06,00:00:00.0000036
3.2000000000000778E-06,00:00:00.0000032
3.2000000000000778E-06,00:00:00.0000033
3.3000000000012186E-06,00:00:00.0000032
3.2999999999994839E-06,00:00:00.0000033
3.2000000000000778E-06,00:00:00.0000033
3.2999999999994839E-06,00:00:00.0000033
4.0000000000005309E-06,00:00:00.0000039
3.2999999999994839E-06,00:00:00.0000033
3.2000000000000778E-06,00:00:00.0000033
3.2999999999994839E-06,00:00:00.0000032
3.2000000000000778E-06,00:00:00.0000033
3.3000000000012186E-06,00:00:00.0000032
3.2999999999994839E-06,00:00:00.0000033
3.7999999999999839E-06,00:00:00.0000038
3.2000000000000778E-06,00:00:00.0000032
3.1000000000006717E-06,00:00:00.0000031
3.0999999999989369E-06,00:00:00.0000032
3.2999999999994839E-06,00:00:00.0000032
4.2000000000010779E-06,00:00:00.0000042
3.2000000000000778E-06,00:00:00.0000032
3.6999999999988431E-06,00:00:00.0000037
3.3000000000012186E-06,00:00:00.0000034
3.599999999999437E-06,00:00:00.0000035
3.5000000000000309E-06,00:00:00.0000036
3.599999999999437E-06,00:00:00.0000035
3.5000000000000309E-06,00:00:00.0000035
3.5000000000000309E-06,00:00:00.0000035
4.0000000000005309E-06,00:00:00.0000041
3.599999999999437E-06,00:00:00.0000035
3.4000000000006247E-06,00:00:00.0000035
3.599999999999437E-06,00:00:00.0000035
3.5000000000000309E-06,00:00:00.0000036
3.6000000000011717E-06,00:00:00.0000035
3.5000000000000309E-06,00:00:00.0000036
3.8999999999993901E-06,00:00:00.0000039
3.599999999999437E-06,00:00:00.0000035
3.5000000000000309E-06,00:00:00.0000035
3.5000000000000309E-06,00:00:00.0000035
3.7000000000005778E-06,00:00:00.0000037
3.5000000000000309E-06,00:00:00.0000035
3.5000000000000309E-06,00:00:00.0000035
3.8999999999993901E-06,00:00:00.0000039
3.5000000000000309E-06,00:00:00.0000035
3.6000000000011717E-06,00:00:00.0000036
3.5000000000000309E-06,00:00:00.0000035
3.5000000000000309E-06,00:00:00.0000035
3.5000000000000309E-06,00:00:00.0000035
3.5000000000000309E-06,00:00:00.0000036
4.1999999999993431E-06,00:00:00.0000041
3.599999999999437E-06,00:00:00.0000036
3.5000000000000309E-06,00:00:00.0000035
3.5000000000000309E-06,00:00:00.0000036
3.6000000000011717E-06,00:00:00.0000035
3.4999999999982961E-06,00:00:00.0000035
3.5000000000000309E-06,00:00:00.0000036
3.9000000000011248E-06,00:00:00.0000039
3.599999999999437E-06,00:00:00.0000035
3.5000000000000309E-06,00:00:00.0000036
3.5000000000000309E-06,00:00:00.0000034
3.5000000000000309E-06,00:00:00.0000035
3.599999999999437E-06,00:00:00.0000037
3.6000000000011717E-06,00:00:00.0000035
3.9999999999987962E-06,00:00:00.0000041
3.6000000000011717E-06,00:00:00.0000036
3.599999999999437E-06,00:00:00.0000035
3.5000000000000309E-06,00:00:00.0000035
4.3999999999998901E-06,00:00:00.0000045
3.2999999999994839E-06,00:00:00.0000032
3.2000000000000778E-06,00:00:00.0000033
3.6000000000011717E-06,00:00:00.0000035
3.2999999999994839E-06,00:00:00.0000033
3.2999999999994839E-06,00:00:00.0000033
3.3000000000012186E-06,00:00:00.0000033
3.2000000000000778E-06,00:00:00.0000032
3.2999999999994839E-06,00:00:00.0000033
3.2999999999994839E-06,00:00:00.0000033
3.7999999999999839E-06,00:00:00.0000038
3.2999999999994839E-06,00:00:00.0000033
3.3000000000012186E-06,00:00:00.0000033
3.2999999999994839E-06,00:00:00.0000034
3.2999999999994839E-06,00:00:00.0000033
3.3000000000012186E-06,00:00:00.0000033
3.2999999999994839E-06,00:00:00.0000033
3.599999999999437E-06,00:00:00.0000035
3.3000000000012186E-06,00:00:00.0000033
3.2000000000000778E-06,00:00:00.0000032
3.1999999999983431E-06,00:00:00.0000033
3.3000000000012186E-06,00:00:00.0000032
3.2999999999994839E-06,00:00:00.0000033
3.2999999999994839E-06,00:00:00.0000034
3.7999999999999839E-06,00:00:00.0000037
3.3000000000012186E-06,00:00:00.0000033
3.2000000000000778E-06,00:00:00.0000032
3.2000000000000778E-06,00:00:00.0000033
3.2000000000000778E-06,00:00:00.0000032
3.2999999999994839E-06,00:00:00.0000032
3.2999999999994839E-06,00:00:00.0000033
3.599999999999437E-06,00:00:00.0000036
3.3000000000012186E-06,00:00:00.0000033
3.2999999999994839E-06,00:00:00.0000033
3.2999999999994839E-06,00:00:00.0000033
3.2000000000000778E-06,00:00:00.0000032
3.3000000000012186E-06,00:00:00.0000034
3.2999999999994839E-06,00:00:00.0000032
3.7000000000005778E-06,00:00:00.0000037
3.2999999999994839E-06,00:00:00.0000033
3.2999999999994839E-06,00:00:00.0000033
3.2000000000000778E-06,00:00:00.0000033
3.2999999999994839E-06,00:00:00.0000033
3.3000000000012186E-06,00:00:00.0000033
3.39999999999889E-06,00:00:00.0000033
3.5000000000000309E-06,00:00:00.0000035
3.3000000000012186E-06,00:00:00.0000033
3.2999999999994839E-06,00:00:00.0000033
3.2000000000000778E-06,00:00:00.0000032
3.2000000000000778E-06,00:00:00.0000033
3.39999999999889E-06,00:00:00.0000033
3.3000000000012186E-06,00:00:00.0000033
3.7999999999999839E-06,00:00:00.0000038
3.2000000000000778E-06,00:00:00.0000032
3.2999999999994839E-06,00:00:00.0000033
3.5000000000000309E-06,00:00:00.0000035
3.5000000000000309E-06,00:00:00.0000035
3.5000000000000309E-06,00:00:00.0000035
3.5000000000000309E-06,00:00:00.0000036
3.8999999999993901E-06,00:00:00.0000039
3.6000000000011717E-06,00:00:00.0000035
3.5000000000000309E-06,00:00:00.0000036
3.599999999999437E-06,00:00:00.0000035
3.5000000000000309E-06,00:00:00.0000036
3.7000000000005778E-06,00:00:00.0000036
3.5000000000000309E-06,00:00:00.0000035
4.099999999999937E-06,00:00:00.0000041
3.5000000000000309E-06,00:00:00.0000035
3.5000000000000309E-06,00:00:00.0000035
3.5000000000000309E-06,00:00:00.0000035
3.7999999999999839E-06,00:00:00.0000039
3.7999999999999839E-06,00:00:00.0000038
3.7999999999999839E-06,00:00:00.0000037
4.1999999999993431E-06,00:00:00.0000042
3.7000000000005778E-06,00:00:00.0000038
3.7999999999999839E-06,00:00:00.0000037
3.7999999999999839E-06,00:00:00.0000038
3.6999999999988431E-06,00:00:00.0000038
3.9000000000011248E-06,00:00:00.0000039
3.7999999999999839E-06,00:00:00.0000037
4.9999999999997963E-06,00:00:00.0000050
3.5000000000000309E-06,00:00:00.0000036
3.599999999999437E-06,00:00:00.0000035
3.5000000000000309E-06,00:00:00.0000035
3.5000000000000309E-06,00:00:00.0000035
3.5000000000000309E-06,00:00:00.0000036
3.599999999999437E-06,00:00:00.0000035
3.9000000000011248E-06,00:00:00.0000040
3.599999999999437E-06,00:00:00.0000035
3.5000000000000309E-06,00:00:00.0000036
3.599999999999437E-06,00:00:00.0000035
3.4000000000006247E-06,00:00:00.0000035
3.599999999999437E-06,00:00:00.0000035
3.6000000000011717E-06,00:00:00.0000036
3.8999999999993901E-06,00:00:00.0000039
3.5000000000000309E-06,00:00:00.0000036
3.599999999999437E-06,00:00:00.0000035
3.6000000000011717E-06,00:00:00.0000036
3.5000000000000309E-06,00:00:00.0000035
3.5000000000000309E-06,00:00:00.0000035
3.5000000000000309E-06,00:00:00.0000035
3.8999999999993901E-06,00:00:00.0000039
3.5000000000000309E-06,00:00:00.0000035
3.5000000000000309E-06,00:00:00.0000036
3.599999999999437E-06,00:00:00.0000035
3.5000000000000309E-06,00:00:00.0000035
3.6000000000011717E-06,00:00:00.0000037
3.599999999999437E-06,00:00:00.0000035
3.8999999999993901E-06,00:00:00.0000039
3.5000000000000309E-06,00:00:00.0000036
3.6000000000011717E-06,00:00:00.0000035
3.4999999999982961E-06,00:00:00.0000035
3.6000000000011717E-06,00:00:00.0000036
3.5000000000000309E-06,00:00:00.0000036
3.599999999999437E-06,00:00:00.0000036
4.0000000000005309E-06,00:00:00.0000040
4.4999999999992962E-06,00:00:00.0000045
3.3000000000012186E-06,00:00:00.0000032
3.2999999999994839E-06,00:00:00.0000033
3.2000000000000778E-06,00:00:00.0000032
3.2999999999994839E-06,00:00:00.0000034
3.2999999999994839E-06,00:00:00.0000033
3.7000000000005778E-06,00:00:00.0000036
3.2999999999994839E-06,00:00:00.0000034
3.3000000000012186E-06,00:00:00.0000032
3.2000000000000778E-06,00:00:00.0000032
3.2999999999994839E-06,00:00:00.0000033
3.2000000000000778E-06,00:00:00.0000033
3.2999999999994839E-06,00:00:00.0000032
3.599999999999437E-06,00:00:00.0000037
3.3000000000012186E-06,00:00:00.0000033
3.2999999999994839E-06,00:00:00.0000033
3.2999999999994839E-06,00:00:00.0000032
3.2000000000000778E-06,00:00:00.0000033
3.3000000000012186E-06,00:00:00.0000033
3.2999999999994839E-06,00:00:00.0000032
3.7999999999999839E-06,00:00:00.0000038
3.2000000000000778E-06,00:00:00.0000033
3.2999999999994839E-06,00:00:00.0000032
3.2999999999994839E-06,00:00:00.0000033
3.2000000000000778E-06,00:00:00.0000032
3.3000000000012186E-06,00:00:00.0000033
3.2999999999994839E-06,00:00:00.0000033
3.5000000000000309E-06,00:00:00.0000035
3.2000000000000778E-06,00:00:00.0000032
3.2000000000000778E-06,00:00:00.0000033
3.2999999999994839E-06,00:00:00.0000032
3.2000000000000778E-06,00:00:00.0000032
3.2999999999994839E-06,00:00:00.0000033
3.3000000000012186E-06,00:00:00.0000033
3.6999999999988431E-06,00:00:00.0000037
3.3000000000012186E-06,00:00:00.0000033
3.2999999999994839E-06,00:00:00.0000033
3.4000000000006247E-06,00:00:00.0000034
3.2000000000000778E-06,00:00:00.0000033
3.39999999999889E-06,00:00:00.0000033
3.3000000000012186E-06,00:00:00.0000033
3.5000000000000309E-06,00:00:00.0000036
3.2999999999994839E-06,00:00:00.0000032
3.5000000000000309E-06,00:00:00.0000035
3.5000000000000309E-06,00:00:00.0000036
3.5000000000000309E-06,00:00:00.0000035
3.599999999999437E-06,00:00:00.0000036
3.7000000000005778E-06,00:00:00.0000036
3.9999999999987962E-06,00:00:00.0000040
3.5000000000000309E-06,00:00:00.0000035
3.6000000000011717E-06,00:00:00.0000036
3.5000000000000309E-06,00:00:00.0000035
3.5000000000000309E-06,00:00:00.0000036
3.599999999999437E-06,00:00:00.0000035
3.599999999999437E-06,00:00:00.0000037
3.9000000000011248E-06,00:00:00.0000039
3.599999999999437E-06,00:00:00.0000035
3.599999999999437E-06,00:00:00.0000036
3.5000000000000309E-06,00:00:00.0000036
3.5000000000000309E-06,00:00:00.0000035
3.7000000000005778E-06,00:00:00.0000036
3.5000000000000309E-06,00:00:00.0000036
4.0000000000005309E-06,00:00:00.0000039
3.5000000000000309E-06,00:00:00.0000036
3.5000000000000309E-06,00:00:00.0000035
3.599999999999437E-06,00:00:00.0000035
3.5000000000000309E-06,00:00:00.0000035
3.599999999999437E-06,00:00:00.0000036
3.5000000000000309E-06,00:00:00.0000036
3.9000000000011248E-06,00:00:00.0000038
4.5999999999987023E-06,00:00:00.0000046
3.2000000000000778E-06,00:00:00.0000033
3.3000000000012186E-06,00:00:00.0000032
3.2000000000000778E-06,00:00:00.0000032
3.2999999999994839E-06,00:00:00.0000033
3.2000000000000778E-06,00:00:00.0000033
3.6999999999988431E-06,00:00:00.0000036
3.3000000000012186E-06,00:00:00.0000033
3.2000000000000778E-06,00:00:00.0000032
3.2999999999994839E-06,00:00:00.0000033
3.2000000000000778E-06,00:00:00.0000033
3.2999999999994839E-06,00:00:00.0000033
3.3000000000012186E-06,00:00:00.0000032
3.5000000000000309E-06,00:00:00.0000035
3.2999999999994839E-06,00:00:00.0000033
3.2000000000000778E-06,00:00:00.0000033
3.2999999999994839E-06,00:00:00.0000032
3.2000000000000778E-06,00:00:00.0000033
3.2999999999994839E-06,00:00:00.0000032
3.3000000000012186E-06,00:00:00.0000034
3.6999999999988431E-06,00:00:00.0000036
3.2000000000000778E-06,00:00:00.0000032
3.3000000000012186E-06,00:00:00.0000033
3.2999999999994839E-06,00:00:00.0000033
3.2000000000000778E-06,00:00:00.0000032
3.2999999999994839E-06,00:00:00.0000033
3.2999999999994839E-06,00:00:00.0000033
3.7000000000005778E-06,00:00:00.0000037
3.2000000000000778E-06,00:00:00.0000032
3.2000000000000778E-06,00:00:00.0000033
3.2999999999994839E-06,00:00:00.0000033
3.3000000000012186E-06,00:00:00.0000032
3.2000000000000778E-06,00:00:00.0000032
3.2999999999994839E-06,00:00:00.0000034
3.599999999999437E-06,00:00:00.0000036
3.2999999999994839E-06,00:00:00.0000032
3.3000000000012186E-06,00:00:00.0000033
3.2000000000000778E-06,00:00:00.0000032
3.2000000000000778E-06,00:00:00.0000033
3.39999999999889E-06,00:00:00.0000033
3.2000000000000778E-06,00:00:00.0000033
3.7000000000005778E-06,00:00:00.0000036
3.2999999999994839E-06,00:00:00.0000033
3.2000000000000778E-06,00:00:00.0000033
3.2999999999994839E-06,00:00:00.0000033
3.3000000000012186E-06,00:00:00.0000032
3.2999999999994839E-06,00:00:00.0000033
3.2999999999994839E-06,00:00:00.0000033
3.5000000000000309E-06,00:00:00.0000035
3.3000000000012186E-06,00:00:00.0000033
3.2000000000000778E-06,00:00:00.0000033
3.2999999999994839E-06,00:00:00.0000032
3.2000000000000778E-06,00:00:00.0000033
3.2999999999994839E-06,00:00:00.0000033
3.2999999999994839E-06,00:00:00.0000032
3.7999999999999839E-06,00:00:00.0000038
3.2000000000000778E-06,00:00:00.0000032
3.2000000000000778E-06,00:00:00.0000032
3.3000000000012186E-06,00:00:00.0000033
3.2000000000000778E-06,00:00:00.0000032
3.2999999999994839E-06,00:00:00.0000033
3.2000000000000778E-06,00:00:00.0000032
3.599999999999437E-06,00:00:00.0000037
3.3000000000012186E-06,00:00:00.0000033
3.2999999999994839E-06,00:00:00.0000032
3.2999999999994839E-06,00:00:00.0000033
3.2000000000000778E-06,00:00:00.0000032
3.2999999999994839E-06,00:00:00.0000033
3.2000000000000778E-06,00:00:00.0000033
3.7000000000005778E-06,00:00:00.0000036
3.2000000000000778E-06,00:00:00.0000032
3.2999999999994839E-06,00:00:00.0000033
3.3000000000012186E-06,00:00:00.0000033
3.1999999999983431E-06,00:00:00.0000032
3.2000000000000778E-06,00:00:00.0000032
3.3000000000012186E-06,00:00:00.0000033
3.5000000000000309E-06,00:00:00.0000035
3.2000000000000778E-06,00:00:00.0000033
3.2999999999994839E-06,00:00:00.0000032
3.4000000000006247E-06,00:00:00.0000034
3.5000000000000309E-06,00:00:00.0000036
3.599999999999437E-06,00:00:00.0000035
3.5000000000000309E-06,00:00:00.0000035
4.0000000000005309E-06,00:00:00.0000040
3.5000000000000309E-06,00:00:00.0000035
3.5000000000000309E-06,00:00:00.0000035
3.599999999999437E-06,00:00:00.0000036
3.5000000000000309E-06,00:00:00.0000035
3.599999999999437E-06,00:00:00.0000036
3.5000000000000309E-06,00:00:00.0000035
3.9000000000011248E-06,00:00:00.0000040
3.599999999999437E-06,00:00:00.0000035
3.5000000000000309E-06,00:00:00.0000035
3.599999999999437E-06,00:00:00.0000036
3.5000000000000309E-06,00:00:00.0000035
3.599999999999437E-06,00:00:00.0000036
3.6000000000011717E-06,00:00:00.0000036
3.7999999999999839E-06,00:00:00.0000038
3.5000000000000309E-06,00:00:00.0000035
3.5000000000000309E-06,00:00:00.0000036
3.599999999999437E-06,00:00:00.0000035
3.599999999999437E-06,00:00:00.0000036
3.5000000000000309E-06,00:00:00.0000035
3.6000000000011717E-06,00:00:00.0000036
3.8999999999993901E-06,00:00:00.0000039
3.5000000000000309E-06,00:00:00.0000036
3.5000000000000309E-06,00:00:00.0000035
3.599999999999437E-06,00:00:00.0000035
3.5000000000000309E-06,00:00:00.0000036
3.6000000000011717E-06,00:00:00.0000035
3.5000000000000309E-06,00:00:00.0000036
4.099999999999937E-06,00:00:00.0000041
3.5000000000000309E-06,00:00:00.0000035
3.599999999999437E-06,00:00:00.0000035
3.5000000000000309E-06,00:00:00.0000036
3.599999999999437E-06,00:00:00.0000036
3.7999999999999839E-06,00:00:00.0000038
3.7999999999999839E-06,00:00:00.0000038
4.2000000000010779E-06,00:00:00.0000041
3.6999999999988431E-06,00:00:00.0000038
3.7999999999999839E-06,00:00:00.0000037
3.7000000000005778E-06,00:00:00.0000038
3.7999999999999839E-06,00:00:00.0000038
3.7999999999999839E-06,00:00:00.0000038
4.7999999999992493E-06,00:00:00.0000047
3.9000000000011248E-06,00:00:00.0000039
3.5000000000000309E-06,00:00:00.0000035
3.599999999999437E-06,00:00:00.0000036
3.599999999999437E-06,00:00:00.0000036
3.5000000000000309E-06,00:00:00.0000035
3.6000000000011717E-06,00:00:00.0000036
3.599999999999437E-06,00:00:00.0000036
3.8999999999993901E-06,00:00:00.0000040
3.6000000000011717E-06,00:00:00.0000035
3.599999999999437E-06,00:00:00.0000036
3.599999999999437E-06,00:00:00.0000036
3.6000000000011717E-06,00:00:00.0000036
3.5000000000000309E-06,00:00:00.0000036
3.599999999999437E-06,00:00:00.0000036
3.8999999999993901E-06,00:00:00.0000038
3.5000000000000309E-06,00:00:00.0000035
3.5000000000000309E-06,00:00:00.0000036
3.6000000000011717E-06,00:00:00.0000035
3.599999999999437E-06,00:00:00.0000036
3.5000000000000309E-06,00:00:00.0000035
3.5000000000000309E-06,00:00:00.0000035
4.0000000000005309E-06,00:00:00.0000041
3.5000000000000309E-06,00:00:00.0000035
3.599999999999437E-06,00:00:00.0000035
3.5000000000000309E-06,00:00:00.0000036
3.599999999999437E-06,00:00:00.0000035
3.5000000000000309E-06,00:00:00.0000036
3.6000000000011717E-06,00:00:00.0000035
3.7999999999999839E-06,00:00:00.0000038
3.599999999999437E-06,00:00:00.0000036
3.5000000000000309E-06,00:00:00.0000035
3.5000000000000309E-06,00:00:00.0000035
3.599999999999437E-06,00:00:00.0000036
3.6000000000011717E-06,00:00:00.0000036
3.599999999999437E-06,00:00:00.0000036
4.0000000000005309E-06,00:00:00.0000040
3.599999999999437E-06,00:00:00.0000036
3.5000000000000309E-06,00:00:00.0000035
3.599999999999437E-06,00:00:00.0000037
3.7000000000005778E-06,00:00:00.0000036
3.599999999999437E-06,00:00:00.0000037
3.7000000000005778E-06,00:00:00.0000036
4.099999999999937E-06,00:00:00.0000041
3.599999999999437E-06,00:00:00.0000037
3.6000000000011717E-06,00:00:00.0000035
3.599999999999437E-06,00:00:00.0000036
3.5000000000000309E-06,00:00:00.0000036
3.5000000000000309E-06,00:00:00.0000034
3.599999999999437E-06,00:00:00.0000036
3.9000000000011248E-06,00:00:00.0000039
3.4999999999982961E-06,00:00:00.0000035
3.6000000000011717E-06,00:00:00.0000036
3.5000000000000309E-06,00:00:00.0000035
3.599999999999437E-06,00:00:00.0000036
3.5000000000000309E-06,00:00:00.0000036
3.7000000000005778E-06,00:00:00.0000036
4.2999999999987493E-06,00:00:00.0000044
3.9000000000011248E-06,00:00:00.0000038
3.7000000000005778E-06,00:00:00.0000038
3.7999999999999839E-06,00:00:00.0000038
3.7999999999999839E-06,00:00:00.0000038
3.7999999999999839E-06,00:00:00.0000037
3.6999999999988431E-06,00:00:00.0000038
4.099999999999937E-06,00:00:00.0000041
3.7999999999999839E-06,00:00:00.0000037
3.7999999999999839E-06,00:00:00.0000038
3.7000000000005778E-06,00:00:00.0000038
3.8999999999993901E-06,00:00:00.0000038
3.7999999999999839E-06,00:00:00.0000038
3.7999999999999839E-06,00:00:00.0000038
4.099999999999937E-06,00:00:00.0000042
3.7999999999999839E-06,00:00:00.0000038
3.7999999999999839E-06,00:00:00.0000037
3.7000000000005778E-06,00:00:00.0000038
3.7999999999999839E-06,00:00:00.0000037
3.7999999999999839E-06,00:00:00.0000038
3.7999999999999839E-06,00:00:00.0000038
4.0000000000005309E-06,00:00:00.0000040
3.6999999999988431E-06,00:00:00.0000038
4.9000000000003902E-06,00:00:00.0000049
3.5000000000000309E-06,00:00:00.0000035
3.5000000000000309E-06,00:00:00.0000035
3.599999999999437E-06,00:00:00.0000035
3.6000000000011717E-06,00:00:00.0000036
3.8999999999993901E-06,00:00:00.0000039
3.599999999999437E-06,00:00:00.0000036
3.5000000000000309E-06,00:00:00.0000036
3.6000000000011717E-06,00:00:00.0000036
3.599999999999437E-06,00:00:00.0000035
3.5000000000000309E-06,00:00:00.0000035
3.5000000000000309E-06,00:00:00.0000036
3.8999999999993901E-06,00:00:00.0000038
3.5000000000000309E-06,00:00:00.0000035
3.5000000000000309E-06,00:00:00.0000036
3.6000000000011717E-06,00:00:00.0000036
3.599999999999437E-06,00:00:00.0000035
3.5000000000000309E-06,00:00:00.0000035
3.599999999999437E-06,00:00:00.0000036
4.0000000000005309E-06,00:00:00.0000040
3.599999999999437E-06,00:00:00.0000036
3.6000000000011717E-06,00:00:00.0000036
3.599999999999437E-06,00:00:00.0000037
3.599999999999437E-06,00:00:00.0000036
3.6000000000011717E-06,00:00:00.0000035
3.5000000000000309E-06,00:00:00.0000035
3.7999999999999839E-06,00:00:00.0000039
3.599999999999437E-06,00:00:00.0000035
3.5000000000000309E-06,00:00:00.0000036
3.5000000000000309E-06,00:00:00.0000034
3.599999999999437E-06,00:00:00.0000036
3.5000000000000309E-06,00:00:00.0000036
3.6000000000011717E-06,00:00:00.0000036
3.9999999999987962E-06,00:00:00.0000039
3.5000000000000309E-06,00:00:00.0000036
3.6000000000011717E-06,00:00:00.0000035
3.5000000000000309E-06,00:00:00.0000035
3.5000000000000309E-06,00:00:00.0000036
3.599999999999437E-06,00:00:00.0000035
3.599999999999437E-06,00:00:00.0000036
4.0000000000005309E-06,00:00:00.0000041
3.599999999999437E-06,00:00:00.0000035
3.4000000000006247E-06,00:00:00.0000035
3.599999999999437E-06,00:00:00.0000035
3.5000000000000309E-06,00:00:00.0000036
3.599999999999437E-06,00:00:00.0000035
3.5000000000000309E-06,00:00:00.0000036
3.9000000000011248E-06,00:00:00.0000038
3.5000000000000309E-06,00:00:00.0000035
3.5000000000000309E-06,00:00:00.0000036
3.599999999999437E-06,00:00:00.0000035
3.599999999999437E-06,00:00:00.0000036
3.5000000000000309E-06,00:00:00.0000035
3.6000000000011717E-06,00:00:00.0000037
4.1999999999993431E-06,00:00:00.0000041
3.5000000000000309E-06,00:00:00.0000036
3.599999999999437E-06,00:00:00.0000035
3.6000000000011717E-06,00:00:00.0000037
3.6999999999988431E-06,00:00:00.0000038
5.000000000001531E-06,00:00:00.0000049
4.8999999999986554E-06,00:00:00.0000049
1.950000000000042E-05,00:00:00.0000221
1.3100000000000264E-05,00:00:00.0000105
4.0000000000005309E-06,00:00:00.0000039
3.39999999999889E-06,00:00:00.0000035
3.6000000000011717E-06,00:00:00.0000036
3.599999999999437E-06,00:00:00.0000035
3.5000000000000309E-06,00:00:00.0000036
4.4999999999992962E-06,00:00:00.0000045
3.6000000000011717E-06,00:00:00.0000035
3.5000000000000309E-06,00:00:00.0000035
3.5000000000000309E-06,00:00:00.0000036
3.599999999999437E-06,00:00:00.0000035
3.4000000000006247E-06,00:00:00.0000034
3.2999999999994839E-06,00:00:00.0000033
3.8999999999993901E-06,00:00:00.0000039
3.9000000000011248E-06,00:00:00.0000041
4.8999999999986554E-06,00:00:00.0000048
4.3999999999998901E-06,00:00:00.0000043
3.6000000000011717E-06,00:00:00.0000037
3.5000000000000309E-06,00:00:00.0000035
3.599999999999437E-06,00:00:00.0000035
4.099999999999937E-06,00:00:00.0000041
3.7999999999999839E-06,00:00:00.0000038
3.7000000000005778E-06,00:00:00.0000037
3.6999999999988431E-06,00:00:00.0000037
3.7000000000005778E-06,00:00:00.0000038
3.7999999999999839E-06,00:00:00.0000038
3.7999999999999839E-06,00:00:00.0000037
4.099999999999937E-06,00:00:00.0000041
3.7000000000005778E-06,00:00:00.0000037
3.6999999999988431E-06,00:00:00.0000038
3.7999999999999839E-06,00:00:00.0000037
3.7000000000005778E-06,00:00:00.0000037
3.7000000000005778E-06,00:00:00.0000038
3.6999999999988431E-06,00:00:00.0000037
4.2000000000010779E-06,00:00:00.0000041
3.6999999999988431E-06,00:00:00.0000038
3.7000000000005778E-06,00:00:00.0000037
6.7000000000001086E-06,00:00:00.0000067
3.7999999999999839E-06,00:00:00.0000038
3.7999999999999839E-06,00:00:00.0000037
3.7000000000005778E-06,00:00:00.0000038
4.1999999999993431E-06,00:00:00.0000041
3.7000000000005778E-06,00:00:00.0000037
3.6999999999988431E-06,00:00:00.0000037
3.7999999999999839E-06,00:00:00.0000038
3.7000000000005778E-06,00:00:00.0000037
3.7000000000005778E-06,00:00:00.0000037
3.6999999999988431E-06,00:00:00.0000038
4.1000000000016718E-06,00:00:00.0000041
3.7999999999999839E-06,00:00:00.0000037
3.599999999999437E-06,00:00:00.0000037
3.7999999999999839E-06,00:00:00.0000037
3.7000000000005778E-06,00:00:00.0000037
3.6999999999988431E-06,00:00:00.0000038
3.7999999999999839E-06,00:00:00.0000037
4.099999999999937E-06,00:00:00.0000042
4.800000000000984E-06,00:00:00.0000047
